{
  "MultinomialNB": {
    "ham": {
      "precision": 0.9891304347826086,
      "recall": 0.9680851063829787,
      "f1-score": 0.978494623655914,
      "support": 94.0
    },
    "spam": {
      "precision": 0.9655172413793104,
      "recall": 0.9882352941176471,
      "f1-score": 0.9767441860465116,
      "support": 85.0
    },
    "accuracy": 0.9776536312849162,
    "macro avg": {
      "precision": 0.9773238380809595,
      "recall": 0.9781602002503129,
      "f1-score": 0.9776194048512128,
      "support": 179.0
    },
    "weighted avg": {
      "precision": 0.9779174658480815,
      "recall": 0.9776536312849162,
      "f1-score": 0.9776634102659744,
      "support": 179.0
    }
  },
  "LinearSVC": {
    "ham": {
      "precision": 0.9789473684210527,
      "recall": 0.9893617021276596,
      "f1-score": 0.9841269841269841,
      "support": 94.0
    },
    "spam": {
      "precision": 0.9880952380952381,
      "recall": 0.9764705882352941,
      "f1-score": 0.9822485207100592,
      "support": 85.0
    },
    "accuracy": 0.9832402234636871,
    "macro avg": {
      "precision": 0.9835213032581454,
      "recall": 0.9829161451814769,
      "f1-score": 0.9831877524185216,
      "support": 179.0
    },
    "weighted avg": {
      "precision": 0.9832913288808615,
      "recall": 0.9832402234636871,
      "f1-score": 0.9832349763591707,
      "support": 179.0
    }
  },
  "XGBoost": {
    "ham": {
      "precision": 0.9666666666666667,
      "recall": 0.925531914893617,
      "f1-score": 0.9456521739130435,
      "support": 94.0
    },
    "spam": {
      "precision": 0.9213483146067416,
      "recall": 0.9647058823529412,
      "f1-score": 0.9425287356321839,
      "support": 85.0
    },
    "accuracy": 0.9441340782122905,
    "macro avg": {
      "precision": 0.9440074906367042,
      "recall": 0.945118898623279,
      "f1-score": 0.9440904547726137,
      "support": 179.0
    },
    "weighted avg": {
      "precision": 0.9451467788169815,
      "recall": 0.9441340782122905,
      "f1-score": 0.9441689769640319,
      "support": 179.0
    }
  }
}